baselineConflictPct,RPS,strategy,n,successRatePct_median,successRatePct_q1,successRatePct_q3,successOnlyP99Ms_median,successOnlyP99Ms_q1,successOnlyP99Ms_q3,retryAmplification_median,retryAmplification_q1,retryAmplification_q3
0.57,64,Immediate,30,99.323093,99.218801,99.453267,30.365569,27.473875,35.775059,0.046027,0.042917,0.053733
0.57,64,Fixed,30,99.296967,99.062744,99.420612,127.805516,108.591273,129.456348,0.093481,0.077543,0.118459
0.57,64,Fixed+Jitter,30,99.349043,99.140849,99.472794,115.824205,98.131144,129.624357,0.097787,0.074768,0.119396
0.57,64,Exponential,30,99.297058,99.140681,99.394572,66.801955,64.136093,68.175359,0.066649,0.061984,0.078478
0.57,64,Exp+Jitter,30,99.297058,99.192919,99.394689,83.341403,66.849526,99.261392,0.079796,0.069013,0.092981
3.23,68,Immediate,30,97.169811,96.851262,97.494487,62.619035,51.203302,68.507235,0.193044,0.172488,0.229218
3.23,68,Fixed,30,97.071796,96.814506,97.255575,167.638068,166.82308,168.348858,0.286594,0.26735,0.313864
3.23,68,Fixed+Jitter,30,97.525116,97.231071,97.929429,166.11135,152.138323,170.502793,0.248494,0.218086,0.296494
3.23,68,Exponential,30,97.402597,97.077922,97.788532,167.22641,156.475478,170.073706,0.243939,0.209573,0.275416
3.23,68,Exp+Jitter,30,97.390346,96.998285,97.929429,164.547222,151.682451,176.336727,0.264929,0.216602,0.310308
11.38,72,Immediate,30,91.761166,91.41981,92.785235,100.237708,99.095856,101.534347,0.702524,0.615718,0.735395
11.38,72,Fixed,30,92.33885,91.975237,92.524879,200.58871,200.269858,200.750381,0.715293,0.682153,0.749151
11.38,72,Fixed+Jitter,30,93.543161,93.039806,94.040731,199.32417,189.854676,199.946658,0.669282,0.64009,0.719642
11.38,72,Exponential,30,93.485304,93.080305,93.844018,255.880476,255.348202,256.309315,0.719261,0.661068,0.762044
11.38,72,Exp+Jitter,30,93.277019,92.935663,93.687804,252.720908,242.759165,255.337091,0.715919,0.669624,0.761247
24.99,76,Immediate,30,85.330556,84.766761,85.929621,98.814406,98.05891,98.996531,1.578825,1.478124,1.66407
24.99,76,Fixed,30,87.06424,86.62574,87.566475,202.148807,200.990789,202.983576,1.330275,1.28475,1.412994
24.99,76,Fixed+Jitter,30,88.477142,88.192733,88.763429,204.982693,204.024401,205.668868,1.3359,1.272366,1.357578
24.99,76,Exponential,30,88.894979,88.516144,89.250667,256.069384,255.511188,256.757201,1.302997,1.252059,1.393156
24.99,76,Exp+Jitter,30,88.949792,88.801798,89.207411,267.774887,264.394448,269.267228,1.307826,1.243403,1.342009
41.01,88,Immediate,30,73.345328,72.927411,73.631888,97.604318,96.932137,97.791956,3.400023,3.375997,3.432994
41.01,88,Fixed,30,71.849256,71.492142,72.087298,197.942513,197.273715,198.778057,3.095854,3.05499,3.121009
41.01,88,Fixed+Jitter,30,77.644163,77.542132,77.801448,208.613612,207.771899,209.41773,3.051386,3.023044,3.072478
41.01,88,Exponential,30,78.299564,78.011364,78.691468,251.248505,250.572559,252.035952,3.062862,2.988512,3.089839
41.01,88,Exp+Jitter,30,78.467952,78.223821,78.744556,277.95467,275.331559,279.464006,2.897557,2.873257,2.952389
