rate	repetition	firstAttemptConflictRate	dropped	p99Ms	successThroughput
45	1	0.000000	0	27.028	45.033
45	2	0.000000	0	26.002	45.033
45	3	0.000741	0	28.008	44.967
50	1	0.003331	0	25.410	49.867
50	2	0.004664	0	28.442	49.800
50	3	0.001332	0	25.437	49.967
55	1	0.001818	0	27.253	54.900
55	2	0.001211	0	26.044	54.967
55	3	0.001817	0	24.918	54.933
60	1	0.003887	0	30.635	59.800
60	2	0.002776	0	25.612	59.867
60	3	0.002776	0	29.844	59.867
64	1	0.006247	0	30.299	63.633
64	2	0.005729	0	25.791	63.633
64	3	0.004685	0	25.608	63.733
68	1	0.032337	0	26.343	65.833
68	2	0.022048	0	25.749	66.533
68	3	0.049976	0	26.881	64.633
70	1	0.076630	0	25.973	64.667
70	2	0.061399	0	27.792	65.733
70	3	0.081866	0	26.389	64.300
72	1	0.121703	0	26.423	63.267
72	2	0.067593	0	24.658	67.133
72	3	0.113836	0	25.359	63.833
74	1	0.167942	0	25.151	61.600
74	2	0.153534	0	25.382	62.667
74	3	0.189640	0	26.028	59.967
76	1	0.248575	0	25.974	57.133
76	2	0.259974	0	25.507	56.267
76	3	0.249890	0	24.999	57.033
78	1	0.285775	0	25.525	55.733
78	2	0.302991	0	26.651	54.367
78	3	0.302862	0	26.163	54.400
80	1	0.329446	0	26.510	53.667
80	2	0.341524	0	25.609	52.700
80	3	0.333750	0	25.444	53.300
84	1	0.375000	0	24.952	52.500
84	2	0.383578	0	25.172	51.800
84	3	0.377231	0	25.539	52.333
88	1	0.407800	0	24.627	52.133
88	2	0.410072	0	24.867	51.933
88	3	0.425758	0	24.910	50.533
