rate	n	medianConflictRate	minConflictRate	maxConflictRate	maxDropped
45	3	0.000000	0.000000	0.000741	0
50	3	0.003331	0.001332	0.004664	0
55	3	0.001817	0.001211	0.001818	0
60	3	0.002776	0.002776	0.003887	0
64	3	0.005729	0.004685	0.006247	0
68	3	0.032337	0.022048	0.049976	0
70	3	0.076630	0.061399	0.081866	0
72	3	0.113836	0.067593	0.121703	0
74	3	0.167942	0.153534	0.189640	0
76	3	0.249890	0.248575	0.259974	0
78	3	0.302862	0.285775	0.302991	0
80	3	0.333750	0.329446	0.341524	0
84	3	0.377231	0.375000	0.383578	0
88	3	0.410072	0.407800	0.425758	0
